release,release_et,title,source_url
jobs,2025-01-10 08:30,Employment Situation,https://www.bls.gov/schedule/2025/home.htm
ppi,2025-01-14 08:30,Producer Price Index,https://www.bls.gov/schedule/2025/home.htm
cpi,2025-01-15 08:30,Consumer Price Index,https://www.bls.gov/schedule/2025/home.htm
gdp,2025-01-30 08:30,"Gross Domestic Product, 4th Quarter and Year 2024 (Advance Estimate)",https://www.bea.gov/news/schedule
eci,2025-01-31 08:30,Employment Cost Index,https://www.bls.gov/schedule/2025/home.htm
pce,2025-01-31 08:30,"Personal Income and Outlays, December 2024",https://www.bea.gov/news/schedule
jobs,2025-02-07 08:30,Employment Situation,https://www.bls.gov/schedule/2025/home.htm
cpi,2025-02-12 08:30,Consumer Price Index,https://www.bls.gov/schedule/2025/home.htm
ppi,2025-02-13 08:30,Producer Price Index,https://www.bls.gov/schedule/2025/home.htm
gdp,2025-02-27 08:30,"Gross Domestic Product, 4th Quarter and Year 2024 (Second Estimate)",https://www.bea.gov/news/schedule
pce,2025-02-28 08:30,"Personal Income and Outlays, January 2025",https://www.bea.gov/news/schedule
jobs,2025-03-07 08:30,Employment Situation,https://www.bls.gov/schedule/2025/home.htm
cpi,2025-03-12 08:30,Consumer Price Index,https://www.bls.gov/schedule/2025/home.htm
ppi,2025-03-13 08:30,Producer Price Index,https://www.bls.gov/schedule/2025/home.htm
gdp,2025-03-27 08:30,"Gross Domestic Product, 4th Quarter and Year 2024 (Third Estimate), GDP by Industry, and Corporate Profits",https://www.bea.gov/news/schedule
pce,2025-03-28 08:30,"Personal Income and Outlays, February 2025",https://www.bea.gov/news/schedule
jobs,2025-04-04 08:30,Employment Situation,https://www.bls.gov/schedule/2025/home.htm
cpi,2025-04-10 08:30,Consumer Price Index,https://www.bls.gov/schedule/2025/home.htm
ppi,2025-04-11 08:30,Producer Price Index,https://www.bls.gov/schedule/2025/home.htm
eci,2025-04-30 08:30,Employment Cost Index,https://www.bls.gov/schedule/2025/home.htm
gdp,2025-04-30 08:30,"Gross Domestic Product, 1st Quarter 2025 (Advance Estimate)",https://www.bea.gov/news/schedule
pce,2025-04-30 10:00,"Personal Income and Outlays, March 2025",https://www.bea.gov/news/schedule
jobs,2025-05-02 08:30,Employment Situation,https://www.bls.gov/schedule/2025/home.htm
cpi,2025-05-13 08:30,Consumer Price Index,https://www.bls.gov/schedule/2025/home.htm
ppi,2025-05-15 08:30,Producer Price Index,https://www.bls.gov/schedule/2025/home.htm
gdp,2025-05-29 08:30,"Gross Domestic Product, 1st Quarter 2025 (Second Estimate) and Corporate Profits (Preliminary)",https://www.bea.gov/news/schedule
pce,2025-05-30 08:30,"Personal Income and Outlays, April 2025",https://www.bea.gov/news/schedule
jobs,2025-06-06 08:30,Employment Situation,https://www.bls.gov/schedule/2025/home.htm
cpi,2025-06-11 08:30,Consumer Price Index,https://www.bls.gov/schedule/2025/home.htm
ppi,2025-06-12 08:30,Producer Price Index,https://www.bls.gov/schedule/2025/home.htm
gdp,2025-06-26 08:30,"Gross Domestic Product, 1st Quarter 2025 (Third Estimate), GDP by Industry, and Corporate Profits (Revised)",https://www.bea.gov/news/schedule
pce,2025-06-27 08:30,"Personal Income and Outlays, May 2025",https://www.bea.gov/news/schedule
jobs,2025-07-03 08:30,Employment Situation,https://www.bls.gov/schedule/2025/home.htm
cpi,2025-07-15 08:30,Consumer Price Index,https://www.bls.gov/schedule/2025/home.htm
ppi,2025-07-16 08:30,Producer Price Index,https://www.bls.gov/schedule/2025/home.htm
gdp,2025-07-30 08:30,"Gross Domestic Product, 2nd Quarter 2025 (Advance Estimate)",https://www.bea.gov/news/schedule
eci,2025-07-31 08:30,Employment Cost Index,https://www.bls.gov/schedule/2025/home.htm
pce,2025-07-31 08:30,"Personal Income and Outlays, June 2025",https://www.bea.gov/news/schedule
jobs,2025-08-01 08:30,Employment Situation,https://www.bls.gov/schedule/2025/home.htm
cpi,2025-08-12 08:30,Consumer Price Index,https://www.bls.gov/schedule/2025/home.htm
ppi,2025-08-14 08:30,Producer Price Index,https://www.bls.gov/schedule/2025/home.htm
gdp,2025-08-28 08:30,"Gross Domestic Product, 2nd Quarter 2025 (Second Estimate) and Corporate Profits (Preliminary)",https://www.bea.gov/news/schedule
pce,2025-08-29 08:30,"Personal Income and Outlays, July 2025",https://www.bea.gov/news/schedule
jobs,2025-09-05 08:30,Employment Situation,https://www.bls.gov/schedule/2025/home.htm
ppi,2025-09-10 08:30,Producer Price Index,https://www.bls.gov/schedule/2025/home.htm
cpi,2025-09-11 08:30,Consumer Price Index,https://www.bls.gov/schedule/2025/home.htm
gdp,2025-09-25 08:30,"Gross Domestic Product, 2nd Quarter 2025 (Third Estimate), GDP by Industry, Corporate Profits (Revised), and Annual Update",https://www.bea.gov/news/schedule
pce,2025-09-26 08:30,"Personal Income and Outlays, August 2025",https://www.bea.gov/news/schedule
cpi,2025-10-24 08:30,Consumer Price Index,https://www.bls.gov/schedule/2025/home.htm
jobs,2025-11-20 08:30,Employment Situation,https://www.bls.gov/schedule/2025/home.htm
ppi,2025-11-25 08:30,Producer Price Index,https://www.bls.gov/schedule/2025/home.htm
pce,2025-12-05 10:00,"Personal Income and Outlays, September 2025",https://www.bea.gov/news/schedule
eci,2025-12-10 08:30,Employment Cost Index,https://www.bls.gov/schedule/2025/home.htm
jobs,2025-12-16 08:30,Employment Situation,https://www.bls.gov/schedule/2025/home.htm
cpi,2025-12-18 08:30,Consumer Price Index,https://www.bls.gov/schedule/2025/home.htm
gdp,2025-12-23 08:30,"Gross Domestic Product, 3rd Quarter 2025 (Initial Estimate) and Corporate Profits (Preliminary)",https://www.bea.gov/news/schedule
jobs,2026-01-09 08:30,Employment Situation,https://www.bls.gov/schedule/2026/home.htm
cpi,2026-01-13 08:30,Consumer Price Index,https://www.bls.gov/schedule/2026/home.htm
ppi,2026-01-14 08:30,Producer Price Index,https://www.bls.gov/schedule/2026/home.htm
gdp,2026-01-22 08:30,"Gross Domestic Product, 3rd Quarter 2025 (Updated Estimate), GDP by Industry, and Corporate Profits (Revised)",https://www.bea.gov/news/schedule
pce,2026-01-22 10:00,"Personal Income and Outlays, October and November 2025",https://www.bea.gov/news/schedule
ppi,2026-01-30 08:30,Producer Price Index,https://www.bls.gov/schedule/2026/home.htm
eci,2026-02-10 08:30,Employment Cost Index,https://www.bls.gov/schedule/2026/home.htm
jobs,2026-02-11 08:30,Employment Situation,https://www.bls.gov/schedule/2026/home.htm
cpi,2026-02-13 08:30,Consumer Price Index,https://www.bls.gov/schedule/2026/home.htm
gdp,2026-02-20 08:30,"GDP (Advance Estimate), 4th Quarter and Year 2025",https://www.bea.gov/news/schedule
pce,2026-02-20 08:30,"Personal Income and Outlays, December 2025",https://www.bea.gov/news/schedule
ppi,2026-02-27 08:30,Producer Price Index,https://www.bls.gov/schedule/2026/home.htm
jobs,2026-03-06 08:30,Employment Situation,https://www.bls.gov/schedule/2026/home.htm
cpi,2026-03-11 08:30,Consumer Price Index,https://www.bls.gov/schedule/2026/home.htm
gdp,2026-03-13 08:30,"GDP (Second Estimate), 4th Quarter and Year 2025",https://www.bea.gov/news/schedule
pce,2026-03-13 08:30,"Personal Income and Outlays, January 2026",https://www.bea.gov/news/schedule
ppi,2026-03-18 08:30,Producer Price Index,https://www.bls.gov/schedule/2026/home.htm
jobs,2026-04-03 08:30,Employment Situation,https://www.bls.gov/schedule/2026/home.htm
gdp,2026-04-09 08:30,"GDP (Third Estimate), Industries, Corporate Profits, State GDP, and State Personal Income, 4th Quarter and Year 2025",https://www.bea.gov/news/schedule
pce,2026-04-09 08:30,"Personal Income and Outlays, February 2026",https://www.bea.gov/news/schedule
cpi,2026-04-10 08:30,Consumer Price Index,https://www.bls.gov/schedule/2026/home.htm
ppi,2026-04-14 08:30,Producer Price Index,https://www.bls.gov/schedule/2026/home.htm
eci,2026-04-30 08:30,Employment Cost Index,https://www.bls.gov/schedule/2026/home.htm
gdp,2026-04-30 08:30,"GDP (Advance Estimate), 1st Quarter 2026",https://www.bea.gov/news/schedule
pce,2026-04-30 08:30,"Personal Income and Outlays, March 2026",https://www.bea.gov/news/schedule
jobs,2026-05-08 08:30,Employment Situation,https://www.bls.gov/schedule/2026/home.htm
cpi,2026-05-12 08:30,Consumer Price Index,https://www.bls.gov/schedule/2026/home.htm
ppi,2026-05-13 08:30,Producer Price Index,https://www.bls.gov/schedule/2026/home.htm
gdp,2026-05-28 08:30,"GDP (Second Estimate) and Corporate Profits, 1st Quarter 2026",https://www.bea.gov/news/schedule
pce,2026-05-28 08:30,"Personal Income and Outlays, April 2026",https://www.bea.gov/news/schedule
jobs,2026-06-05 08:30,Employment Situation,https://www.bls.gov/schedule/2026/home.htm
cpi,2026-06-10 08:30,Consumer Price Index,https://www.bls.gov/schedule/2026/home.htm
ppi,2026-06-11 08:30,Producer Price Index,https://www.bls.gov/schedule/2026/home.htm
gdp,2026-06-25 08:30,"GDP (Third Estimate), Industries, Corporate Profits, State GDP, and State Personal Income, 1st Quarter 2026",https://www.bea.gov/news/schedule
pce,2026-06-25 08:30,"Personal Income and Outlays, May 2026",https://www.bea.gov/news/schedule
jobs,2026-07-02 08:30,Employment Situation,https://www.bls.gov/schedule/2026/home.htm
cpi,2026-07-14 08:30,Consumer Price Index,https://www.bls.gov/schedule/2026/home.htm
ppi,2026-07-15 08:30,Producer Price Index,https://www.bls.gov/schedule/2026/home.htm
gdp,2026-07-30 08:30,"GDP (Advance Estimate), 2nd Quarter 2026",https://www.bea.gov/news/schedule
pce,2026-07-30 08:30,"Personal Income and Outlays, June 2026",https://www.bea.gov/news/schedule
eci,2026-07-31 08:30,Employment Cost Index,https://www.bls.gov/schedule/2026/home.htm
jobs,2026-08-07 08:30,Employment Situation,https://www.bls.gov/schedule/2026/home.htm
cpi,2026-08-12 08:30,Consumer Price Index,https://www.bls.gov/schedule/2026/home.htm
ppi,2026-08-13 08:30,Producer Price Index,https://www.bls.gov/schedule/2026/home.htm
gdp,2026-08-26 08:30,"GDP (Second Estimate) and Corporate Profits, 2nd Quarter 2026",https://www.bea.gov/news/schedule
pce,2026-08-26 08:30,"Personal Income and Outlays, July 2026",https://www.bea.gov/news/schedule
jobs,2026-09-04 08:30,Employment Situation,https://www.bls.gov/schedule/2026/home.htm
ppi,2026-09-10 08:30,Producer Price Index,https://www.bls.gov/schedule/2026/home.htm
cpi,2026-09-11 08:30,Consumer Price Index,https://www.bls.gov/schedule/2026/home.htm
gdp,2026-09-30 08:30,"GDP (Third Estimate), Industries, Corporate Profits, State GDP, and State Personal Income, 2nd Quarter 2026; State PCE, 2025",https://www.bea.gov/news/schedule
pce,2026-09-30 08:30,"Personal Income and Outlays, August 2026",https://www.bea.gov/news/schedule
jobs,2026-10-02 08:30,Employment Situation,https://www.bls.gov/schedule/2026/home.htm
cpi,2026-10-14 08:30,Consumer Price Index,https://www.bls.gov/schedule/2026/home.htm
ppi,2026-10-15 08:30,Producer Price Index,https://www.bls.gov/schedule/2026/home.htm
gdp,2026-10-29 08:30,"GDP (Advance Estimate), 3rd Quarter 2026",https://www.bea.gov/news/schedule
pce,2026-10-29 08:30,"Personal Income and Outlays, September 2026",https://www.bea.gov/news/schedule
eci,2026-10-30 08:30,Employment Cost Index,https://www.bls.gov/schedule/2026/home.htm
jobs,2026-11-06 08:30,Employment Situation,https://www.bls.gov/schedule/2026/home.htm
cpi,2026-11-10 08:30,Consumer Price Index,https://www.bls.gov/schedule/2026/home.htm
ppi,2026-11-13 08:30,Producer Price Index,https://www.bls.gov/schedule/2026/home.htm
gdp,2026-11-25 08:30,"GDP (Second Estimate) and Corporate Profits, 3rd Quarter 2026",https://www.bea.gov/news/schedule
pce,2026-11-25 08:30,"Personal Income and Outlays, October 2026",https://www.bea.gov/news/schedule
jobs,2026-12-04 08:30,Employment Situation,https://www.bls.gov/schedule/2026/home.htm
cpi,2026-12-10 08:30,Consumer Price Index,https://www.bls.gov/schedule/2026/home.htm
ppi,2026-12-15 08:30,Producer Price Index,https://www.bls.gov/schedule/2026/home.htm
gdp,2026-12-23 08:30,"GDP (Third Estimate), Industries, Corporate Profits, State GDP, and State Personal Income, 3rd Quarter 2026",https://www.bea.gov/news/schedule
pce,2026-12-23 08:30,"Personal Income and Outlays, November 2026",https://www.bea.gov/news/schedule
