target,lambda,n_nonzero,top3_hedges
NVDA,2.628758186089523e-05,14,"MU, INTC, AMD"
GOOG,1.5718491506000824e-05,11,"META, MSFT, AMZN"
AAPL,2.8691029986323503e-05,17,"BABA, GOOG, CSCO"
MSFT,1.4361688146727596e-05,19,"MA, AMZN, GOOG"
AMZN,3.4370214357188884e-05,8,"MSFT, META, GOOG"
TSM,1.9803795265232902e-05,15,"AVGO, TCEHY, ASML"
AVGO,2.5762920965149437e-05,10,"ADI, TSM, ASML"
META,3.262950240394615e-05,6,"GOOG, AMZN, MA"
TSLA,7.397818338233993e-05,7,"INTC, NFLX, LRCX"
WMT,1.2154435852389823e-05,12,"COST, PEP, PG"
005930.KS,1.9362105283797223e-05,6,"000660.KS, 1398.HK, TSLA"
BRK-B,2.5621172365706236e-05,9,"MS, RTX, CAT"
LLY,2.0920707845103698e-05,11,"MRK, NVO, RTX"
JPM,1.2363711227711997e-05,9,"C, BAC, MS"
000660.KS,1.9870800632654898e-05,14,"005930.KS, MU, C"
MU,2.1129209365213385e-05,12,"LRCX, NVDA, AMAT"
XOM,1.1357157034436784e-05,15,"CVX, TTE, INTC"
V,1.6460538818723317e-05,6,"MA, ASML, MSFT"
AMD,0.00018918796043131264,2,"NVDA, MU, GOOG"
TCEHY,2.990786100122737e-05,15,"BABA, TSM, 1398.HK"
JNJ,1.8693497710494246e-05,9,"MRK, LLY, NFLX"
ASML,2.1889715579758808e-05,18,"LRCX, MU, AMAT"
ORCL,8.910574140680339e-06,21,"IBM, T, MSFT"
INTC,1.8357533698716908e-05,14,"NVDA, TXN, XOM"
COST,1.7597811677127397e-05,13,"WMT, CSCO, MA"
MA,1.186790731625619e-05,11,"V, META, MSFT"
CAT,4.072372407206471e-05,9,"BHP, RTX, GE"
NFLX,5.338556619144917e-05,7,"AMZN, NVDA, META"
CVX,1.839979333511172e-05,6,"XOM, SHEL, AMD"
BAC,9.62497208719141e-06,8,"GS, JPM, WFC"
ABBV,3.153585264618578e-05,10,"MRK, CAT, AMD"
CSCO,1.4100680113386225e-05,26,"ANET, IBM, AAPL"
UNH,2.482697699202307e-05,11,"GOOG, LLY, BAC"
KO,1.584122535084718e-05,6,"PEP, MRK, PG"
PG,1.0561841781507415e-05,14,"PEP, NEE, IBM"
RO.SW,8.198620069726388e-06,21,"NESN.SW, NVS, AZN"
BABA,2.2870408892159724e-05,13,"AAPL, TCEHY, META"
LRCX,4.583744731344783e-05,6,"AMAT, MU, KLAC"
1398.HK,1.9977408521538255e-05,6,"0857.HK, 005930.KS, TCEHY"
HD,1.0798289959759397e-05,12,"T, DIS, COST"
AMAT,2.265024850626898e-05,6,"LRCX, KLAC, MU"
HSBC,8.844360376283194e-06,18,"CAT, MC.PA, TCEHY"
MS,2.473405327788767e-05,8,"C, GS, BAC"
GE,7.29937983951137e-05,6,"CAT, NVDA, MU"
AZN,2.1493924608410434e-05,10,"NVO, LLY, MRK"
MRK,1.835849000651026e-05,10,"LLY, NVS, NVO"
NVS,1.580808505048998e-05,12,"RO.SW, MRK, LIN"
0857.HK,2.0784141276759398e-05,7,"1398.HK, 0941.HK, 000660.KS"
GS,1.9375949731434654e-05,5,"BAC, MS, MU"
PM,2.2503396856299984e-05,13,"T, IBM, AAPL"
MC.PA,1.2000188819244964e-05,16,"RMS.PA, SIE.DE, ITX.MC"
NESN.SW,6.408323150595967e-06,12,"OR.PA, RO.SW, MCD"
TXN,2.040985224412585e-05,14,"ADI, AMAT, NVDA"
SHEL,1.5623531685624495e-05,10,"TTE, CVX, BHP"
RY,6.207052801864336e-06,24,"BAC, C, TTE"
WFC,1.4560913284759662e-05,12,"BAC, C, XOM"
RTX,2.2769756682757856e-05,15,"CAT, IBM, MA"
0941.HK,2.5969069780690468e-05,4,"0857.HK, 1398.HK, PM"
LIN,1.1681791484612617e-05,15,"TTE, NVS, MRK"
KLAC,2.470781405096576e-05,10,"AMAT, LRCX, ADI"
OR.PA,1.0333484229845085e-05,22,"NESN.SW, RMS.PA, MC.PA"
SIE.DE,1.2212945240206512e-05,19,"ABBN.SW, MC.PA, SAP"
TM,1.803744615336154e-05,11,"MUFG, CAT, ASML"
C,1.0745450277871717e-05,12,"JPM, MS, BAC"
AXP,7.342489377308544e-06,28,"GS, MA, V"
ANET,5.315501233204867e-05,5,"NVDA, CSCO, MU"
IBM,1.686527727518238e-05,12,"RTX, ORCL, ITX.MC"
PEP,5.090618757057907e-06,31,"KO, PG, NEE"
TMUS,2.323457610180419e-05,10,"T, VZ, CSCO"
RELIANCE.NS,4.360509696241545e-05,0,"NVDA, GOOG, AAPL"
CBA.AX,3.6457406243882934e-05,0,"TSLA, NVDA, GOOG"
TTE,1.3431236026640917e-05,13,"SHEL, XOM, BHP"
SAP,1.853240954862941e-05,14,"SIE.DE, RMS.PA, MA"
MCD,1.0372594919691955e-05,20,"MRK, NESN.SW, V"
NEE,1.2368908598127447e-05,19,"PG, PEP, VZ"
VZ,1.6455918690862625e-05,8,"T, NEE, TMUS"
MUFG,1.795028248671833e-05,10,"C, CAT, BAC"
BHP,1.59067364506148e-05,15,"CAT, SHEL, TTE"
NVO,1.866771798895854e-05,8,"AZN, MRK, LLY"
RMS.PA,1.4975690105231598e-05,9,"MC.PA, OR.PA, SAP"
ADI,2.2127303289454477e-05,9,"TXN, AVGO, LRCX"
ABBN.SW,8.889056897075643e-06,26,"SIE.DE, JPM, 0857.HK"
T,2.306700836566385e-05,9,"TMUS, VZ, PM"
ITX.MC,1.6768316626571132e-05,10,"MC.PA, IBM, OR.PA"
DIS,2.721110788641062e-05,8,"RTX, JPM, HD"
